Mineral,States,Unit,Quantity 2010-11,Value 2010-11,Quantity 2011-12,Value 2011-12,Quantity 2012-13,Value 2012-13,Quantity 2013-14,Value 2013-14,Quantity 2014-15(P),Value 2014-15(P)
Coal,India,000tonne,532694,620210400,539950,701719100,556402,747186600,565765,825347500,610208,891754480
Coal,Andhra Pradesh,000tonne,51333,81106100,52211,90008100,53190,91695800,50469,73998000,0,0
Coal,Arunachal Pradesh,000tonne,299,1106000,221,1464100,73,483600,0,0,0,0
Coal,Assam,000tonne,1101,4072600,602,3988000,605,3591200,664,3392900,767,3919209
Coal,Chhattisgarh,000tonne,113824,58256200,113958,70740300,117830,90750700,127095,89275000,134396,94403380
Coal,Jammu & Kashmir,000tonne,24,22400,20,42500,19,40400,19,40400,16,34020
Coal,Jharkhand,000tonne,108949,185716200,109566,139887600,111274,175665400,113091,240509800,124747,265298572
Coal,Meghalaya,000tonne,6974,25796800,7206,47739800,5640,37365000,5732,37974500,5732,37974500
Coal,Madhya Pradesh,000tonne,71104,93673600,71123,83305500,75948,93737900,75590,111792700,85208,126017092
Coal,Maharashtra,000tonne,39336,53628800,39159,53112600,39134,62356800,37223,57363500,38622,59519475
Coal,Orissa,000tonne,102565,73545300,105476,96399000,110132,47256800,112917,150160600,122948,163500185
Coal,Uttar Pradesh,000tonne,15526,15122300,16178,34369500,16090,35844200,14721,20046100,15457,21048336
Coal,Telangana*,000tonne,NA,NA,NA,NA,NA,NA,NA,NA,52536,77028651
Coal,West Bengal,000tonne,21659,28164100,24230,80662100,26467,108398800,28244,40794000,29779,43011060
Lignite,India,000tonne,37733,43307200,42332,53376500,46453,55114100,44271,59675300,48292,64180851
Lignite,Gujarat,000tonne,13064,13480300,14779,15249900,14528,14990900,11588,12547100,12338,13359179
Lignite,Rajasthan,000tonne,1525,1071600,2963,1161800,7081,2776600,7627,5136100,9411,6337461
Lignite,Tamil Nadu,000tonne,23144,28755300,24590,36964800,24844,37346600,25056,41992100,26543,44484211
Natural Gas (ut.),India,m c m,52219,334253819,47559,342107011,40679,336420537,35407,292820422,32583,269465580
Natural Gas (ut.),Andhra Pradesh,m c m,1386,8871786,1363,9804492,1249,10329390,1171,9684320,519,4292199
Natural Gas (ut.),Arunachal Pradesh,m c m,44,281644,40,287733,41,339075,41,339075,12,99240
Natural Gas (ut.),Assam,m c m,2680,17154680,2905,20896589,2910,24066072,2868,23718727,2732,22593991
Natural Gas (ut.),Gujarat,m c m,2262,14479062,2173,15631080,2032,16804900,1657,13703602,1406,11627798
Natural Gas (ut.),Off-shore,m c m,43645,279371645,38475,276762910,31802,263006611,26396,218298299,24316,201096431
Natural Gas (ut.),Rajasthan,m c m,432,2765232,590,4244057,685,5665038,982,8121266,1082,8948279
Natural Gas (ut.),Tamil Nadu,m c m,1119,7162719,1285,9243414,1206,9973774,1304,10784247,1174,9709131
Natural Gas (ut.),Tripura,m c m,610,3904610,644,4632497,647,5350773,822,6798045,1061,8774605
Natural Gas (ut.),West Bengal,m c m,41,262441,84,604239,107,884904,166,1372841,281,2323906
Petroleum(crude),India,000tonne,37684,688041255,38090,692017330,37862,688171117,37788,686826110,37464,680937156
Petroleum(crude),Andhra Pradesh,000tonne,305,5568745,305,5541226,295,5361853,297,5398204,254,4616646
Petroleum(crude),Arunachal Pradesh,000tonne,116,2117949,118,2143819,121,2199269,111,2017511,77,1399533
Petroleum(crude),Assam,000tonne,4721,86196867,5025,91293964,4863,88388784,4710,85607891,4466,81173003
Petroleum(crude),Bihar,000tonne,NA,NA,NA,NA,NA,NA,NA,NA,NA,NA
Petroleum(crude),Gujarat,000tonne,5905,107814553,5780,105010768,5331,96895046,5061,91987587,4653,84571872
Petroleum(crude),Himachal Pradesh,000tonne,0,0,0,0,0,0,0,0,0,0
Petroleum(crude),Jharkhand,000tonne,0,0,0,0,0,0,0,0,0,0
Petroleum(crude),Madhya Pradesh,000tonne,0,0,0,0,0,0,0,0,0,0
Petroleum(crude),Off-shore,000tonne,21255,388077616,20063,364503641,18421,334815914,18203,330853596,18927,344012856
Petroleum(crude),Rajasthan,000tonne,5149,94011369,6552,119036428,8593,156184417,9180,166853596,8847,160801063
Petroleum(crude),Tamil Nadu,000tonne,233,4254156,247,4487484,238,4325834,226,4107725,240,4362183
Petroleum(crude),Tripura,000tonne,0,0,0,0,0,0,0,0,0,0
Petroleum(crude),West Bengal,000tonne,0,0,0,0,0,0,0,0,0,0
Bauxite,India,tonne,12722820,5122151,13599566,6126011,16611610,7994557,22319148,9996894,22226062,10769338
Bauxite,Chhattisgarh,tonne,2109949,777273,2391837,1444642,1818169,1117536,1314129,859657,1565562,1048811
Bauxite,Goa,tonne,100900,10090,84700,9317,104200,10420,220400,53420,235000,32850
Bauxite,Gujarat,tonne,938574,570664,847382,460722,3429903,1632905,7309743,2726039,5507566,2091034
Bauxite,Jharkhand,tonne,1855993,627327,1969439,748448,1977575,939283,2282428,1302079,2040519,1039554
Bauxite,Karnataka,tonne,64643,11348,83019,20174,81200,28420,74500,24064,127500,31920
Bauxite,Kerala,tonne,0,0,0,0,0,0,0,0,0,0
Bauxite,Madhya Pradesh,tonne,616319,262437,813399,460884,1016756,615315,775508,458732,807697,474183
Bauxite,Maharashtra,tonne,2133736,549201,2285443,651353,2628328,926330,2606349,945574,2630715,1179604
Bauxite,Orissa,tonne,4856808,2305022,5055269,2313176,5460037,2693761,7635196,3578360,9233131,4826823
Bauxite,Tamil Nadu,tonne,45898,8789,69078,17295,95442,30587,100895,48969,78372,44559
Chromite,India,tonne,4325699,25964208,2923435,24244988,2833895,22627633,2878320,23759458,2163942,18185545
Chromite,Karnataka,tonne,8540,33223,5685,24012,6828,28720,1003,4074,2474,10049
Chromite,Maharashtra,tonne,0,0,NA,NA,NA,NA,19,75,0,0
Chromite,Orissa,tonne,4317159,25930985,2917750,24220976,2827067,22598913,2877298,23755309,2161468,18175496
Copper Ore,India,tonne,3601984,0,3479189,0,3635751,0,3777772,0,3586028,0
Copper Ore,Jharkhand,tonne,396841,0,395745,0,398537,0,398537,0,180496,0
Copper Ore,Madhya Pradesh,tonne,2233523,0,2082959,0,2254288,0,2376183,0,2458132,0
Copper Ore,Rajasthan,tonne,971620,0,1000485,0,982926,0,1003052,0,947400,0
Copper Ore,Sikkim,tonne,0,0,0,0,0,0,0,0,0,0
Copper Conc.,India,tonne,136856,4733515,130456,5385751,123654,6288969,139307,6681011,107541,5445661
Copper Conc.,Jharkhand,tonne,12904,445678,13767,457835,12769,428481,13742,475046,5902,198641
Copper Conc.,Madhya Pradesh,tonne,78778,2477950,75239,2934838,67640,2983988,79909,3355313,57489,2637081
Copper Conc.,Rajasthan,tonne,45174,1809887,41450,1993078,43245,2876500,45656,2850652,44150,2609939
Copper Conc.,Sikkim,tonne,0,0,0,0,0,0,0,0,0,0
Gold Ore,India,tonne,741522,0,491562,0,502831,0,420429,0,448671,0
Gold Ore,Andhra Pradesh,tonne,NA,NA,NA,NA,NA,NA,NA,NA,0,0
Gold Ore,Jharkhand,tonne,4618,0,7123,0,3770,0,7552,0,4232,0
Gold Ore,Karnataka,tonne,736904,0,484439,0,499061,0,412877,0,444439,0
Gold,India,kg,2399,4345197,2194,5311592,1588,5172517,1564,4225317,1440,3607600
Gold,Andhra Pradesh,kg,0,0,0,0,0,0,0,0,0,0
Gold,Gujarat,kg,0,0,0,0,0,0,0,0,0,0
Gold,Jharkhand,kg,14,28137,11,28532,5,14548,8,22728,11,30839
Gold,Karnataka,kg,2385,4317060,2183,5283060,1583,5157969,1556,4202589,1429,3576761
Gold (by-product),India,kg,0,0,0,0,0,0,0,0,0,0
Gold (by-product),Jharkhand,kg,0,0,0,0,0,0,0,0,0,0
Iron Ore,India,000tonne,207157,396141714,168582,383570264,136618,328244402,152183,316491777,128909,285336637
Iron Ore,Andhra Pradesh,000tonne,1560,478212,1776,691697,1176,605107,709,403897,908,491871
Iron Ore,Chhattisgarh,000tonne,29320,71712050,30457,98741549,27963,87739541,29250,89293192,29418,92958372
Iron Ore,Goa,000tonne,35564,74912294,33636,69948845,10897,21414923,0,0,0,0
Iron Ore,Haryana,000tonne,NA,NA,NA,NA,NA,NA,NA,0,0,0
Iron Ore,Jharkhand,000tonne,22288,16907241,19258,20968621,17986,21410899,22624,23912896,19173,23024755
Iron Ore,Karnataka,000tonne,38983,79098120,13233,31985290,11504,35811462,18684,50484086,20157,56395912
Iron Ore,Madhya Pradesh,000tonne,1762,785316,1237,801604,1225,887392,2090,1246385,4019,2163491
Iron Ore,Maharashtra,000tonne,1525,1332628,1539,1571658,1193,1251967,1888,1962604,2050,2360611
Iron Ore,Orissa,000tonne,76128,150907681,67414,158852994,64439,158924967,76188,147262824,52026,105048130
Iron Ore,Rajasthan,000tonne,27,8172,32,8006,235,198144,708,1901189,1121,2871545
Iron Ore,Telangana,000tonne,0,0,0,0,0,0,42,24704,37,21950
Lead & Zinc Ore,India,tonne,7539999,0,8041881,0,8633411,0,9281807,0,9346349,0
Lead & Zinc Ore,Andhra Pradesh,tonne,0,0,0,0,0,0,0,0,0,0
Lead & Zinc Ore,Orissa,tonne,0,0,0,0,0,0,0,0,0,0
Lead & Zinc Ore,Rajasthan,tonne,7539999,0,8041881,0,8633411,0,9281807,0,9346349,0
Lead & Zinc Ore,Sikkim,tonne,0,0,0,0,0,0,0,0,0,0
Lead Conc.,India,tonne,147625,2000435,161854,2454497,184486,3300883,194426,4372536,197668,5596580
Lead Conc.,Andhra Pradesh,tonne,0,0,0,0,0,0,0,0,0,0
Lead Conc.,Orissa,tonne,0,0,0,0,0,0,0,0,0,0
Lead Conc.,Rajasthan,tonne,147625,2000435,161854,2454497,184486,3300883,194426,4372536,197668,5596580
Lead Conc.,Sikkim,tonne,0,0,0,0,0,0,0,0,0,0
Zinc Conc.,India,tonne,1427231,17930226,1414009,19862214,1492781,23948683,1490662,27389284,1501586,31436595
Zinc Conc.,Rajasthan,tonne,1427231,17930226,1414009,19862214,1492781,23948683,1490662,27389284,1501586,31436595
Zinc Conc.,Sikkim,tonne,0,0,0,0,0,0,0,0,0,0
Manganese Ore,India,tonne,3056385,14684000,2411871,11777000,2342169,12836200,2626291,15181757,2345361,13625514
Manganese Ore,Andhra Pradesh,tonne,290785,526834,327387,588258,367445,554123,334265,716420,253675,470420
Manganese Ore,Goa,tonne,440,1684,1550,2423,50,396,0,0,0,0
Manganese Ore,Gujarat,tonne,245240,121639,40556,23928,0,0,0,0,0,0
Manganese Ore,Jharkhand,tonne,44898,62094,19642,37362,4266,25150,4779,20276,4449,18592
Manganese Ore,Karnataka,tonne,413287,929734,199034,496174,39540,221931,144528,673035,194123,875841
Manganese Ore,Madhya Pradesh,tonne,716285,4226787,607968,4033483,714730,4850053,796496,5157453,883784,5158694
Manganese Ore,Maharashtra,tonne,672828,4984603,646238,4207142,683185,4686800,666191,5222536,669813,5315595
Manganese Ore,Orissa,tonne,655984,3805668,562013,2373264,527966,2485010,663710,3339180,326117,1748608
Manganese Ore,Rajasthan,tonne,16638,24957,7483,14966,4987,12737,5401,14442,5965,15294
Manganese Ore,Telangana,tonne,NA,NA,NA,NA,NA,NA,10921,38415,7435,22470
Silver,India,kg,148303,5438695,207144,11561772,374046,21234214,349774,15778713,327647,11947042
Silver,Karnataka,kg,221,8627,202,11495,145,9136,154,6569,139,5117
Silver,Rajasthan,kg,148082,5430068,206942,11550277,373901,21225078,349620,15772144,327508,11941925
Tin Conc.,India,kg,60643,27799,48765,26062,47774,24962,34862,22791,24689,15198
Tin Conc.,Chhattisgarh,kg,60643,27799,48765,26062,47774,24962,34862,22791,24689,15198
Agate,India,tonne,19,10,476,238,493,247,100,50,0,0
Agate,Gujarat,tonne,19,10,476,238,493,247,100,50,0,0
Apatite,India,tonne,3846,8345,3053,6459,572,1208,1300,2768,930,2021
Apatite,Andhra Pradesh,tonne,2585,6134,2917,6164,572,1208,1300,2768,930,2021
Apatite,West Bengal,tonne,1261,2211,136,295,0,0,0,0,0,0
Phosphorite,India,tonne,2097490,5014699,2259726,7496300,1941158,6807233,1453580,4754755,1579561,3905087
Phosphorite,Madhya Pradesh,tonne,133378,76946,240142,159189,248352,226616,131465,145137,77565,65991
Phosphorite,Rajasthan,tonne,1964112,4937753,2019584,7337111,1692806,6580617,1322115,4609618,1501996,3839096
Asbestos,India,tonne,268,13341,276,13347,389,17057,172,7271,0,0
Asbestos,Andhra Pradesh,tonne,268,13341,276,13347,389,17057,172,7271,0,0
Asbestos,Rajasthan,tonne,0,0,0,0,0,0,0,0,0,0
Ball Clay,India,tonne,1086714,390238,1646516,693714,1750559,780732,2130995,1055362,1910060,920542
Ball Clay,Andhra Pradesh,tonne,259380,70384,276799,88705,184345,99828,143430,75352,148774,77414
Ball Clay,Gujarat,tonne,31140,2025,13527,1488,10900,1853,8600,1462,0,0
Ball Clay,Rajasthan,tonne,776193,301368,1351705,598843,1541981,665585,1974501,975423,1760526,842596
Ball Clay,Tamil Nadu,tonne,20001,16461,4485,4678,13333,13466,4464,3125,760,532
Barytes,India,tonne,2338806,2698279,1776980,1685965,1789431,5314116,1170522,3561386,910963,2693456
Barytes,Andhra Pradesh,tonne,2332701,2695846,1768925,1681549,1782079,5309333,1149081,3520639,886929,2639622
Barytes,Himachal Pradesh,tonne,0,0,0,0,0,0,0,0,0,0
Barytes,Rajasthan,tonne,6105,2433,8055,4416,7352,4783,5560,3617,3380,2199
Barytes,Telangana,tonne,0,0,0,0,0,0,15881,37130,20654,51635
Calcite,India,tonne,38826,14104,54081,20835,74488,27309,92122,32620,91783,34079
Calcite,Andhra Pradesh,tonne,0,0,0,0,1790,895,1960,980,4100,1702
Calcite,Madhya Pradesh,tonne,0,0,0,0,0,0,226,96,22,6
Calcite,Rajasthan,tonne,38826,14104,54081,20835,72698,26414,89936,31544,87661,32371
Chalk,India,tonne,177197,65799,178736,70458,175516,88301,142696,72900,94467,49974
Chalk,Gujarat,tonne,177197,65799,178736,70458,175516,88301,142696,72900,94467,49974
Clay (others),India,tonne,730752,70342,1417684,128017,2680726,353628,2506662,382002,2248184,384286
Clay (others),Andhra Pradesh,tonne,84875,8402,99919,8502,158674,18029,63622,7806,50920,7264
Clay (others),Chhattisgarh,tonne,0,0,720,86,0,0,0,0,0,0
Clay (others),Gujarat,tonne,203291,12775,877579,85588,1928419,256099,1612566,253614,1515449,253461
Clay (others),Karnataka,tonne,0,0,12900,3019,0,0,0,0,0,0
Clay (others),Kerala,tonne,NA,NA,NA,NA,0,0,78703,10571,141843,17346
Clay (others),Madhya Pradesh,tonne,434722,48025,426256,30776,436329,44447,437150,56800,365273,50420
Clay (others),Maharashtra,tonne,0,0,0,0,0,0,0,0,0,0
Clay (others),Rajasthan,tonne,7864,1140,50,12,152534,34361,241396,45627,122784,50447
Clay (others),Tamil Nadu,tonne,0,0,260,34,4770,692,0,0,0,0
Clay (others),Telangana,tonne,0,0,0,0,0,0,73225,7584,51915,5348
Clay (others),West Bengal,tonne,0,0,0,0,0,0,0,0,0,0
Corundum,India,kg,0,0,37000,130,5000,75,0,0,0,0
Corundum,Andhra Pradesh,kg,0,0,0,0,0,0,0,0,0,0
Corundum,Karnataka,kg,0,0,0,0,5000,75,0,0,0,0
Corundum,Maharashtra,kg,0,0,37000,130,0,0,0,0,0,0
Corundum (ruby),India,kg,0,0,0,0,0,0,0,0,0,0
Corundum (ruby),Orissa,kg,0,0,0,0,0,0,0,0,0,0
Diamond,India,crt,11222,106776,18490,198240,31988,366471,37517,614087,35724,613504
Diamond,Madhya Pradesh,crt,11222,106776,18490,198240,31988,366471,37517,614087,35724,613504
Diaspore,India,tonne,26082,32003,23818,35654,16222,25742,14599,29166,12207,25480
Diaspore,Madhya Pradesh,tonne,11165,9251,12115,15376,7268,10954,6479,13570,4717,9652
Diaspore,Uttar Pradesh,tonne,14917,22752,11703,20278,8954,14788,8120,15596,7490,15828
Dolomite,India,tonne,5839710,1870047,5968554,1737037,7233958,2618906,7310599,2683923,6209476,2251761
Dolomite,Andhra Pradesh,tonne,1216373,363958,1299126,431236,1547613,542903,747409,152244,698273,162891
Dolomite,Chhattisgarh,tonne,1592838,363551,1624834,363761,1970136,573523,2637734,903121,2437702,825904
Dolomite,Gujarat,tonne,244218,45935,334600,61149,499122,103159,526355,110781,388173,87242
Dolomite,Jharkhand,tonne,429866,386879,206938,185204,301185,434008,267146,384957,135319,194994
Dolomite,Karnataka,tonne,442941,71522,560189,97368,728186,179331,642906,205147,619367,208550
Dolomite,Madhya Pradesh,tonne,279859,41788,460494,110094,655858,119765,595594,133021,542637,127068
Dolomite,Maharashtra,tonne,64865,13867,127857,33125,314562,99538,233384,68361,102236,28431
Dolomite,Orissa,tonne,1358156,551985,1114724,414535,992470,521436,687823,348854,413891,253198
Dolomite,Rajasthan,tonne,210498,30553,239639,40550,224826,45243,399084,97290,381314,99576
Dolomite,Telangana,tonne,NA,NA,NA,NA,NA,NA,573152,280146,485222,260007
Dolomite,Uttaranchal,tonne,96,9,153,15,0,0,12,1,5342,3900
Dunite,India,tonne,23716,6879,38774,25450,88274,92841,64917,97848,75050,108474
Dunite,Karnataka,tonne,1971,360,3610,484,8750,1173,978,173,1123,164
Dunite,Tamil Nadu,tonne,21745,6519,35164,24966,79524,91668,63939,97675,73927,108310
Emerald,India,crt,0,0,0,0,0,0,0,0,0,0
Emerald,Rajasthan,crt,0,0,0,0,0,0,0,0,0,0
Felspar,India,tonne,546472,154676,835526,255408,1459008,428633,1512982,439282,1343366,360546
Felspar,Andhra Pradesh,tonne,208740,57878,289261,79262,504000,160888,100276,34209,100930,28500
Felspar,Jharkhand,tonne,13315,2297,15265,3163,6525,1693,7462,2499,3252,714
Felspar,Karnataka,tonne,1034,285,0,0,0,0,0,0,0,0
Felspar,Madhya Pradesh,tonne,0,0,0,0,0,0,0,0,0,0
Felspar,Maharashtra,tonne,0,0,0,0,0,0,0,0,0,0
Felspar,Rajasthan,tonne,306126,89127,488365,159571,892257,245970,928320,269207,767091,195734
Felspar,Tamil Nadu,tonne,14555,3768,37604,11465,42666,14934,56061,19464,51884,20078
Felspar,Telangana,tonne,NA,NA,NA,NA,NA,NA,401021,106307,401072,107680
Felspar,West Bengal,tonne,2702,1321,5031,1947,13560,5148,19842,7596,19137,7840
Fireclay,India,tonne,856741,136668,983155,158016,999925,182739,920809,185684,712792,131090
Fireclay,Andhra Pradesh,tonne,26423,5871,55578,10103,49478,10512,32061,7366,27286,6788
Fireclay,Chhattisgarh,tonne,0,0,3423,856,2570,643,0,0,0,0
Fireclay,Gujarat,tonne,145961,12484,120266,9338,86316,6602,154301,14316,173357,14765
Fireclay,Jharkhand,tonne,24305,3156,85819,14895,111594,17151,3655,329,0,0
Fireclay,Karnataka,tonne,15330,4431,5184,1428,16307,10000,13966,7813,2965,2535
Fireclay,Madhya Pradesh,tonne,44519,4199,66823,7894,71226,12671,74441,16203,22642,3593
Fireclay,Maharashtra,tonne,3334,391,9512,1284,7547,1132,5076,761,3799,598
Fireclay,Orissa,tonne,0,0,0,0,0,0,0,0,0,0
Fireclay,Rajasthan,tonne,507381,91472,447615,88291,410331,87771,359845,91440,253166,62845
Fireclay,Tamil Nadu,tonne,52620,9948,106512,15953,145468,19768,181362,28232,169458,28359
Fireclay,West Bengal,tonne,36868,4716,82423,7974,99088,16489,96102,19224,60119,11607
Felsite,India,tonne,1670,2420,1117,2590,1266,909,551,475,324,242
Felsite,Karnataka,tonne,1670,2420,1117,2590,1266,909,551,475,324,242
Fluorite(graded),India,tonne,59954,50147,5010,12270,3092,13818,2487,11402,2947,13849
Fluorite(graded),Gujarat,tonne,52920,15876,1920,576,0,0,0,0,0,0
Fluorite(graded),Maharashtra,tonne,6469,32456,2894,11133,3092,13818,2487,11402,2947,13849
Fluorite(graded),Rajasthan,tonne,565,1815,196,561,0,0,0,0,0,0
Flint Stone,India,tonne,0,0,708,172,633,192,459,136,294,59
Flint Stone,Jharkhand,tonne,0,0,708,172,633,192,459,136,294,59
Fluorite(conc.),India,tonne,0,0,0,0,0,0,0,0,0,0
Fluorite(conc.),Gujarat,tonne,0,0,0,0,0,0,0,0,0,0
Garnet (abrasive),India,tonne,2126337,1274864,1717904,981625,768248,924683,483559,1113231,78924,702729
Garnet (abrasive),Andhra Pradesh,tonne,153574,183821,54213,262194,83683,497499,108409,831543,55803,564497
Garnet (abrasive),Jharkhand,tonne,0,0,NA,NA,NA,NA,NA,NA,0,0
Garnet (abrasive),Orissa,tonne,18474,65620,19889,88208,23898,128022,19091,106012,11999,68153
Garnet (abrasive),Rajasthan,tonne,0,0,0,0,614,565,715,807,725,993
Garnet (abrasive),Tamil Nadu,tonne,1954289,1025423,1643802,631223,660053,298597,355344,174869,10397,69086
Garnet (gem),India,kg,0,0,0,0,0,0,0,0,0,0
Garnet (gem),Rajasthan,kg,0,0,0,0,0,0,0,0,0,0
Graphite (r.o.m.),India,tonne,115697,50380,153339,69449,134735,84133,146390,102471,116512,76535
Graphite (r.o.m.),Chhattisgarh,tonne,0,0,0,0,0,0,1403,631,0,0
Graphite (r.o.m.),Jharkhand,tonne,45146,14995,76175,31565,55855,26636,43716,20203,41423,22034
Graphite (r.o.m.),Karnataka,tonne,0,0,0,0,3241,3889,2205,2646,0,0
Graphite (r.o.m.),Kerala,tonne,0,0,0,0,0,0,0,0,50,400
Graphite (r.o.m.),Orissa,tonne,20472,10394,18859,8793,6530,3816,10521,5927,2083,1302
Graphite (r.o.m.),Tamil Nadu,tonne,50079,24991,58305,29091,69109,49792,88545,73064,72956,52799
Gypsum,India,tonne,4918170,1475454,3978806,1686042,3556723,1699808,3115363,1545061,2477849,1283871
Gypsum,Gujarat,tonne,37,14,20,6,38,4,20,3,0,0
Gypsum,Jammu & Kashmir,tonne,38143,11443,29505,8852,43432,13080,32211,9663,28694,8608
Gypsum,Rajasthan,tonne,4879990,1463997,3937375,1674326,3510063,1685212,3080992,1534541,2449155,1275263
Gypsum,Tamil Nadu,tonne,0,0,11906,2858,3190,1512,2140,854,0,0
Iolite,India,kg,4,40,0,0,0,0,0,0,0,0
Iolite,Orissa,kg,4,40,0,0,0,0,0,0,0,0
Jasper,India,tonne,0,0,0,0,0,0,0,0,0,0
Jasper,Rajasthan,tonne,0,0,0,0,0,0,0,0,0,0
Kaolin,India,tonne,2727946,737101,3076795,652368,4258697,1157392,4853420,1240484,3861380,1100154
Kaolin,Andhra Pradesh,tonne,10431,1440,75115,11775,53057,8945,58516,11183,45857,8487
Kaolin,Chhattisgarh,tonne,0,0,0,0,0,0,0,0,NA,NA
Kaolin,Gujarat,tonne,1251890,204177,1517504,278365,2656099,496079,3074737,613017,2456977,490988
Kaolin,Haryana,tonne,0,0,0,0,0,0,0,0,0,0
Kaolin,Jharkhand,tonne,93001,84327,122412,61210,66235,31363,600,119,70623,17655
Kaolin,Karnataka,tonne,9785,8796,3214,8678,2836,7657,2540,7112,1984,6271
Kaolin,Kerala,tonne,704360,228105,747307,149883,708257,187628,743138,166817,561565,131480
Kaolin,Madhya Pradesh,tonne,6106,484,6950,621,11790,1114,13000,1044,10200,1377
Kaolin,Maharashtra,tonne,0,0,0,0,0,0,0,0,NA,NA
Kaolin,Orissa,tonne,2601,2692,0,0,0,0,0,0,NA,NA
Kaolin,Rajasthan,tonne,559927,169143,512145,104587,662362,355559,870307,372005,633175,385663
Kaolin,West Bengal,tonne,89845,37937,92148,37249,98061,69047,90582,69187,80999,58233
Kyanite,India,tonne,5954,6291,4064,4802,1048,1248,3679,8071,6260,10716
Kyanite,Jharkhand,tonne,3547,4207,4011,4757,1015,1204,0,0,0,0
Kyanite,Karnataka,tonne,0,0,0,0,0,0,1416,708,4400,3520
Kyanite,Maharashtra,tonne,2407,2084,53,45,33,44,2263,7363,1860,7196
Kyanite,Rajasthan,tonne,0,0,0,0,0,0,0,0,0,0
Sillimanite,India,tonne,48784,407406,59206,522737,43736,352062,67265,408247,66025,470599
Sillimanite,Andhra Pradesh,tonne,17849,136438,31992,304402,23896,205289,43705,277396,33801,265716
Sillimanite,Kerala,tonne,8243,89981,7205,79255,4936,44424,5109,44635,7690,69271
Sillimanite,Maharashtra,tonne,4653,3652,2520,4135,2590,3923,6729,9964,6223,9538
Sillimanite,Orissa,tonne,17889,175742,17489,134945,12314,98426,11722,76252,18311,126074
Sillimanite,Rajasthan,tonne,0,0,0,0,0,0,0,0,0,0
Sillimanite,Tamil Nadu,tonne,150,1593,0,0,0,0,0,0,0,0
Laterite,India,tonne,1220304,147948,2815275,395548,4121192,702753,3475368,687807,4650597,888225
Laterite,Andhra Pradesh,tonne,633253,70005,1800704,260228,3227646,447898,795729,211244,1760358,400194
Laterite,Goa,tonne,0,0,0,0,0,0,0,0,0,0
Laterite,Gujarat,tonne,234548,15733,207998,17153,117880,12746,19050,3554,61174,10400
Laterite,Jharkhand,tonne,1220,183,1550,310,0,0,0,0,0,0
Laterite,Karnataka,tonne,130300,17119,149600,21111,163200,58272,118500,46386,121200,52154
Laterite,Kerala,tonne,88444,34913,112703,45688,97909,35219,169672,76063,148357,61894
Laterite,Madhya Pradesh,tonne,132539,9995,536220,50505,510557,148066,606056,141520,589835,135172
Laterite,Maharashtra,tonne,0,0,6500,553,4000,552,53987,7558,69000,9660
Laterite,Rajasthan,tonne,0,0,0,0,0,0,0,0,0,0
Laterite,Telangana,tonne,0,0,0,0,0,0,1712374,201482,1900673,218751
Limestone,India,000tonne,246336,36349567,262882,40855418,285030,47973173,280863,51332006,292810,52117464
Limestone,Andhra Pradesh,000tonne,52633,7375266,54602,7777269,63438,9677079,34331,5495772,35435,5623833
Limestone,Assam,000tonne,350,82772,248,62585,384,98879,203,50378,665,117917
Limestone,Bihar,000tonne,872,292511,507,142686,588,223401,549,247877,473,162106
Limestone,Chhattisgarh,000tonne,19241,2997759,20465,3477724,20172,3752473,21217,4249587,23505,4882559
Limestone,Gujarat,000tonne,22500,2773002,24098,2918566,26071,3393162,23373,3159255,25729,3381545
Limestone,Himachal Pradesh,000tonne,11927,1437928,10801,1196206,13104,1692641,11935,1663036,12718,1928022
Limestone,Haryana,000tonne,0,0,0,0,0,0,0,0,0,0
Limestone,Jammu & Kashmir,000tonne,154,26991,225,34162,192,26917,193,26996,131,18278
Limestone,Jharkhand,000tonne,1996,453107,2480,557622,1861,517771,1678,646546,792,277778
Limestone,Karnataka,000tonne,18595,1933439,20276,2770647,21132,3147566,21590,2833943,24031,3315013
Limestone,Kerala,000tonne,530,115506,539,216493,488,229727,501,234597,511,252130
Limestone,Meghalaya,000tonne,1783,374170,4216,1607232,4032,2016961,3616,2344472,3696,2401689
Limestone,Madhya Pradesh,000tonne,33276,4785685,34072,4344022,35536,5017896,37832,6330551,38972,6041252
Limestone,Maharashtra,000tonne,9905,1120117,12281,1516232,11924,1820480,10997,1629631,12086,2016552
Limestone,Orissa,000tonne,3923,1102597,3136,1153269,3912,1344027,3718,1578044,3409,1074234
Limestone,Rajasthan,000tonne,44773,7212296,47982,8113633,52540,9192487,56754,10604183,61544,11050125
Limestone,Tamil Nadu,000tonne,20566,3765907,23957,4452152,26442,5217805,24112,5538596,22205,5337446
Limestone,Telangana,000tonne,0,0,0,0,0,0,25120,3986981,23956,3747633
Limestone,Uttar Pradesh,000tonne,3312,500514,2997,514918,3214,603901,3144,711561,2952,489352
Limestone,Uttaranchal,000tonne,0,0,0,0,0,0,0,0,0,0
Lime Kankar,India,tonne,383817,84903,311219,59469,192426,43564,140088,28435,111382,21089
Lime Kankar,Andhra Pradesh,tonne,615,215,830,355,275,138,0,0,0,0
Lime Kankar,Tamil Nadu,tonne,383202,84688,310389,59114,192151,43426,140088,28435,111382,21089
Limeshell,India,tonne,30410,32159,33225,40788,24044,41930,18750,35162,16150,36183
Limeshell,Andhra Pradesh,tonne,0,0,0,0,0,0,0,0,0,0
Limeshell,Karnataka,tonne,11578,8865,9689,7664,0,0,0,0,0,0
Limeshell,Kerala,tonne,18467,23020,23450,33038,23939,41825,18690,35102,16120,36153
Limeshell,Tamil Nadu,tonne,365,274,86,86,105,105,60,60,30,30
Magnesite,India,tonne,235762,378217,224104,354977,224315,459178,196940,445622,275678,668139
Magnesite,Jammu & Kashmir,tonne,0,0,0,0,0,0,0,0,0,0
Magnesite,Karnataka,tonne,11820,26839,12237,35456,11495,40937,7720,29371,9129,38955
Magnesite,Rajasthan,tonne,0,0,0,0,0,0,0,0,0,0
Magnesite,Tamil Nadu,tonne,165601,276628,149494,240578,160450,339026,144991,363289,215254,562329
Magnesite,Uttaranchal,tonne,58341,74750,62373,78943,52370,79215,44229,52962,51295,66855
Marl,India,tonne,4399379,307556,4140577,272904,4337009,269366,3254486,280571,2179489,256240
Marl,Gujarat,tonne,3738693,224314,3901296,245294,4240183,250348,3216915,270164,2177450,255663
Marl,Tamil Nadu,tonne,660686,83242,239281,27610,96826,19018,37571,10407,2039,577
Mica (crude),India,tonne,1333,44505,1899,68670,1256,39963,1660,47838,636,21892
Mica (crude),Andhra Pradesh,tonne,1317,44124,1784,61967,1177,37988,1660,47838,636,21892
Mica (crude),Bihar,tonne,0,0,0,0,0,0,0,0,0,0
Mica (crude),Jharkhand,tonne,0,0,1,3870,0,0,0,0,0,0
Mica (crude),Rajasthan,tonne,16,381,114,2833,79,1975,0,0,0,0
Mica (waste & Scrap),India,tonne,7311,0,14186,0,16255,0,19752,0,11852,0
Mica (waste & Scrap),Andhra Pradesh,tonne,4648,0,7313,0,7415,0,7626,0,7644,0
Mica (waste & Scrap),Bihar,tonne,1459,0,4632,0,2939,0,3381,0,1378,0
Mica (waste & Scrap),Jharkhand,tonne,0,0,0,0,782,0,2110,0,0,0
Mica (waste & Scrap),Rajasthan,tonne,1204,0,2241,0,5119,0,6635,0,2831,0
Ochre,India,tonne,1218261,240374,1576265,276937,1833783,582998,1580675,495087,2203708,816164
Ochre,Andhra Pradesh,tonne,39376,6194,189087,32921,97581,21953,130901,23136,155723,23188
Ochre,Chhattisgarh,tonne,0,0,0,0,0,0,0,0,0,0
Ochre,Gujarat,tonne,2719,299,5525,608,4690,797,5050,859,6300,1071
Ochre,Jharkhand,tonne,1200,205,0,0,0,0,0,0,NA,NA
Ochre,Karnataka,tonne,34157,29063,1126,5067,0,0,0,0,NA,NA
Ochre,Madhya Pradesh,tonne,44897,5593,54089,8339,55445,13552,69246,13068,70422,17329
Ochre,Maharashtra,tonne,0,0,0,0,0,0,0,0,0,0
Ochre,Rajasthan,tonne,1095912,199020,1326438,230002,1676067,546696,1375478,458024,1971263,774576
Perlite,India,tonne,0,0,0,0,0,0,0,0,0,0
Perlite,Gujarat,tonne,0,0,0,0,0,0,0,0,0,0
Pyrites,India,tonne,0,0,0,0,0,0,0,0,0,0
Pyrites,Bihar,tonne,0,0,0,0,0,0,0,0,0,0
Pyrophyllite,India,tonne,240082,83123,255891,139510,247968,156004,224677,186193,147431,121085
Pyrophyllite,Andhra Pradesh,tonne,0,0,0,0,176,141,1980,1584,1603,1122
Pyrophyllite,Jharkhand,tonne,0,0,0,0,0,0,0,0,0,0
Pyrophyllite,Madhya Pradesh,tonne,207521,73945,220980,130815,207768,143904,166896,166418,115655,107321
Pyrophyllite,Maharashtra,tonne,1485,368,1054,337,714,259,1527,865,1030,692
Pyrophyllite,Orissa,tonne,0,0,0,0,0,0,10066,4914,3388,1743
Pyrophyllite,Rajasthan,tonne,0,0,0,0,7697,1145,17968,3641,0,0
Pyrophyllite,Uttar Pradesh,tonne,31076,8810,33857,8358,31613,10555,26240,8771,25755,10207
Pyroxenite,India,tonne,253205,126179,86031,33113,58562,17980,2985,806,0,0
Pyroxenite,Jharkhand,tonne,54986,14978,62747,19375,58562,17980,2985,806,0,0
Pyroxenite,Orissa,tonne,198219,111201,23284,13738,0,0,0,0,0,0
Quartz,India,tonne,497546,112108,782575,173890,1384155,341129,1488743,392258,1381406,351054
Quartz,Andhra Pradesh,tonne,214626,40845,361566,73655,893670,198156,522446,127727,508179,110151
Quartz,Bihar,tonne,0,0,0,0,8997,3914,0,0,0,0
Quartz,Chhattisgarh,tonne,655,92,731,144,17009,6804,14784,5845,4705,2113
Quartz,Gujarat,tonne,37540,4889,156248,27785,164462,24330,156379,28370,102885,19565
Quartz,Haryana,tonne,0,0,0,0,0,0,0,0,0,0
Quartz,Jharkhand,tonne,61665,10196,109127,25461,42474,8566,32633,8418,14730,2940
Quartz,Karnataka,tonne,10,3,0,0,6931,2225,63624,22443,88673,30344
Quartz,Madhya Pradesh,tonne,1754,173,0,0,340,31,0,0,3450,985
Quartz,Maharashtra,tonne,10505,2363,5315,2658,17475,14899,14985,6791,7256,6030
Quartz,Orissa,tonne,11414,5262,6241,2091,7720,3529,7142,7870,0,0
Quartz,Rajasthan,tonne,133797,26046,114632,22485,173448,40937,229814,57248,225528,53705
Quartz,Tamil Nadu,tonne,8674,18045,12631,14611,21367,28368,15783,18393,21268,15725
Quartz,Telangana,tonne,0,0,0,0,0,0,394733,96494,367467,96146
Quartz,Uttar Pradesh,tonne,0,0,0,0,0,0,900,90,50,5
Quartz,West Bengal,tonne,16906,4194,16084,5000,30262,9370,35520,12569,37215,13345
Quartzite,India,tonne,118117,45750,272141,139207,501399,276777,584235,342453,583095,325692
Quartzite,Andhra Pradesh,tonne,7717,4275,98955,44330,221885,96019,389984,194956,456494,220509
Quartzite,Bihar,tonne,62767,26855,35707,16895,109495,54829,35346,16350,5706,2616
Quartzite,Chhattisgarh,tonne,60,29,32626,36368,42524,43514,31119,33732,19696,20813
Quartzite,Haryana,tonne,0,0,0,0,0,0,0,0,0,0
Quartzite,Jharkhand,tonne,24810,5458,44726,9840,30771,7307,1981,436,0,0
Quartzite,Karnataka,tonne,11450,3607,10134,4155,10000,4900,13000,5200,8500,4505
Quartzite,Maharashtra,tonne,2455,614,37630,21111,55117,43160,58073,52063,59991,52234
Quartzite,Orissa,tonne,4608,3063,4715,3181,26818,26289,43455,36298,21863,21613
Quartzite,Rajasthan,tonne,4250,1849,7648,3327,4489,669,4187,1256,8285,2485
Quartzite,Tamilnadu,tonne,0,0,0,0,0,0,0,0,0,0
Quartzite,West Bengal,tonne,0,0,0,0,300,90,7090,2162,2560,917
Silica Sand,India,tonne,3380968,444684,4867667,714062,4303883,1002046,3724241,966210,3047485,877497
Silica Sand,Andhra Pradesh,tonne,1239896,82650,1582312,142157,2128989,325572,1693844,294559,1242041,223500
Silica Sand,Chhattisgarh,tonne,0,0,0,0,0,0,0,0,0,0
Silica Sand,Gujarat,tonne,1247949,94933,1959203,154387,869926,72208,844988,73943,873200,89601
Silica Sand,Haryana,tonne,0,0,0,0,0,0,0,0,0,0
Silica Sand,Jharkhand,tonne,97560,30733,113265,36724,81088,20971,0,0,0,0
Silica Sand,Karnataka,tonne,43988,6384,37607,11053,102854,37845,133005,56455,88773,39998
Silica Sand,Kerala,tonne,30975,26188,62683,83680,91833,160183,50793,107973,38628,81245
Silica Sand,Madhya Pradesh,tonne,0,0,0,0,0,0,0,0,NA,NA
Silica Sand,Maharashtra,tonne,256817,65828,236307,75652,278138,82656,274966,97212,129947,59139
Silica Sand,Orissa,tonne,0,0,0,0,0,0,0,0,NA,NA
Silica Sand,Rajasthan,tonne,232788,74016,755074,169043,626336,250040,611361,276557,510703,296991
Silica Sand,Tamil Nadu,tonne,8886,5466,4502,6518,10916,13337,44533,31058,74268,46933
Silica Sand,Uttar Pradesh,tonne,167109,36486,65584,13118,42051,8326,8336,1667,0,0
Silica Sand,West Bengal,tonne,55000,22000,51130,21730,71752,30908,62415,26786,89925,40090
Moulding Sand,India,tonne,0,0,30,5,3118,564,29963,4877,6383,1672
Moulding Sand,Chhattisgarh,tonne,0,0,0,0,2613,392,29323,4675,6383,1672
Moulding Sand,Gujarat,tonne,0,0,0,0,200,90,150,68,0,0
Moulding Sand,West Bengal,tonne,0,0,30,5,305,82,490,134,0,0
Sand (others),India,tonne,2057119,109682,2625111,162965,2638424,201821,2577869,244899,2100563,243975
Sand (others),Andhra Pradesh,tonne,1673153,91014,2157012,134198,1874624,150997,7788,1246,7197,1089
Sand (others),Karnataka,tonne,0,0,0,0,0,0,0,0,0,0
Sand (others),Meghalaya,tonne,10220,1635,32940,5139,12923,1065,0,0,0,0
Sand (others),Madhya Pradesh,tonne,0,0,0,0,0,0,109843,9666,16037,1540
Sand (others),Maharashtra,tonne,373746,17033,435159,23628,750877,49759,577986,38080,291979,27301
Sand (others),Rajasthan,tonne,0,0,0,0,0,0,5831,919,7232,1484
Sand (others),Telangana,tonne,0,0,0,0,0,0,1876421,194988,1778118,212561
Salt (rock),India,tonne,1200,2971,0,0,0,0,0,0,0,0
Salt (rock),Himachal Pradesh,tonne,1200,2971,0,0,0,0,0,0,0,0
Shale,India,tonne,3081622,103993,3439775,139066,3067718,165924,3006945,170761,2792904,224542
Shale,Andhra Pradesh,tonne,123106,7941,115998,8833,142617,12628,104309,12922,102331,13422
Shale,Himachal Pradesh,tonne,1502873,55393,1535493,49648,1512161,77717,1430549,85780,1279203,119514
Shale,Karnataka,tonne,559356,25710,825027,42901,546026,37730,670136,33507,646286,48559
Shale,Meghalaya,tonne,0,0,0,0,0,0,0,0,0,0
Shale,Madhya Pradesh,tonne,598912,5349,543481,6321,519521,5514,453825,5319,384008,5301
Shale,Maharashtra,tonne,297375,9600,419776,31363,347393,32335,289026,29170,294076,31467
Shale,Telangana,tonne,0,0,0,0,0,0,59100,4063,87000,6279
Slate,India,tonne,0,0,0,0,278,263,351,332,218,197
Slate,Andhra Pradesh,tonne,0,0,0,0,0,0,0,0,0,0
Slate,Haryana,tonne,0,0,0,0,278,263,351,332,218,197
Slate,Madhya Pradesh,tonne,0,0,0,0,0,0,0,0,0,0
Steatite,India,tonne,902686,618286,998438,878590,971778,888390,887925,983272,774281,950316
Steatite,Andhra Pradesh,tonne,59336,25684,91646,34941,85117,30980,62214,31203,57752,30679
Steatite,Bihar,tonne,2948,513,0,0,0,0,0,0,0,0
Steatite,Chhattisgarh,tonne,5,2,316,95,440,132,0,0,0,0
Steatite,Gujarat,tonne,2316,289,2981,426,2626,783,1301,403,0,0
Steatite,Jharkhand,tonne,0,0,4041,1144,1400,532,0,0,0,0
Steatite,Karnataka,tonne,0,0,0,0,0,0,0,0,0,0
Steatite,Madhya Pradesh,tonne,0,0,66,7,140,56,1887,969,1828,933
Steatite,Orissa,tonne,0,0,0,0,0,0,0,0,NA,NA
Steatite,Rajasthan,tonne,664649,420656,738877,634367,766742,681223,739739,811620,633216,771047
Steatite,Tamil Nadu,tonne,1295,259,0,0,991,297,1280,384,2750,825
Steatite,Uttaranchal,tonne,172137,170883,160511,207610,114322,174387,81504,138693,78735,146832
Selenite,India,tonne,6736,5726,13047,16105,7577,10226,531,706,207,456
Selenite,Rajasthan,tonne,6736,5726,13047,16105,7577,10226,531,706,207,456
Sulphur,India,tonne,236998,0,381146,0,449004,0,390325,0,429258,0
Sulphur,Assam,tonne,3328,0,4968,0,3706,0,4950,0,5803,0
Sulphur,Bihar,tonne,8353,0,9329,0,12345,0,10253,0,8629,0
Sulphur,Gujarat,tonne,22436,0,65923,0,74697,0,76088,0,90096,0
Sulphur,Haryana,tonne,136622,0,174915,0,218633,0,170471,0,168598,0
Sulphur,Maharashtra,tonne,0,0,54850,0,46991,0,51301,0,57691,0
Sulphur,Punjab,tonne,2111,0,3407,0,12676,0,0,0,0,0
Sulphur,Tamil Nadu,tonne,0,0,0,0,0,0,0,0,NA,NA
Sulphur,Uttar Pradesh,tonne,38856,0,36005,0,43574,0,35361,0,48782,0
Sulphur,West Bengal,tonne,25292,0,31749,0,36382,0,41901,0,49659,0
Vermiculite,India,tonne,19234,13132,10194,7085,7947,5010,11851,9470,15327,11094
Vermiculite,Andhra Pradesh,tonne,17081,8314,8652,3631,6474,1885,9650,4542,13126,6172
Vermiculite,Gujarat,tonne,0,0,0,0,0,0,0,0,0,0
Vermiculite,Karnataka,tonne,0,0,0,0,100,30,0,0,0,0
Vermiculite,Madhya Pradesh,tonne,0,0,0,0,0,0,0,0,0,0
Vermiculite,Rajasthan,tonne,0,0,0,0,0,0,0,0,0,0
Vermiculite,Tamil Nadu,tonne,2153,4818,1542,3454,1373,3095,2201,4928,2201,4922
Wollastonite,India,tonne,183381,145958,184445,159974,145667,127468,192712,157090,186519,162170
Wollastonite,Rajasthan,tonne,183381,145958,184445,159974,145667,127468,192712,157090,186519,162170
